.\Auxiliary\DataSet\00\00_23_01.jpg,0
.\Auxiliary\DataSet\00\00_10_02.jpg,0
.\Auxiliary\DataSet\00\00_34_00.jpg,0
.\Auxiliary\DataSet\05\05_01_02.jpg,5
.\Auxiliary\DataSet\37\37_01_04.jpg,37
.\Auxiliary\DataSet\00\00_17_02.jpg,0
.\Auxiliary\DataSet\01\01_01_03.jpg,1
.\Auxiliary\DataSet\25\25_01_02.jpg,25
.\Auxiliary\DataSet\00\00_14_02.jpg,0
.\Auxiliary\DataSet\41\41_01_02.jpg,41
.\Auxiliary\DataSet\00\00_40_04.jpg,0
.\Auxiliary\DataSet\00\00_18_02.jpg,0
.\Auxiliary\DataSet\00\00_26_03.jpg,0
.\Auxiliary\DataSet\00\00_12_03.jpg,0
.\Auxiliary\DataSet\02\02_01_03.jpg,2
.\Auxiliary\DataSet\00\00_29_03.jpg,0
.\Auxiliary\DataSet\25\25_01_00.jpg,25
.\Auxiliary\DataSet\20\20_01_04.jpg,20
.\Auxiliary\DataSet\26\26_01_03.jpg,26
.\Auxiliary\DataSet\27\27_01_04.jpg,27
.\Auxiliary\DataSet\00\00_30_00.jpg,0
.\Auxiliary\DataSet\00\00_10_00.jpg,0
.\Auxiliary\DataSet\01\01_01_02.jpg,1
.\Auxiliary\DataSet\24\24_01_03.jpg,24
.\Auxiliary\DataSet\12\12_01_02.jpg,12
.\Auxiliary\DataSet\00\00_09_02.jpg,0
.\Auxiliary\DataSet\38\38_01_00.jpg,38
.\Auxiliary\DataSet\00\00_32_03.jpg,0
.\Auxiliary\DataSet\21\21_01_04.jpg,21
.\Auxiliary\DataSet\22\22_01_01.jpg,22
.\Auxiliary\DataSet\00\00_02_02.jpg,0
.\Auxiliary\DataSet\00\00_00_02.jpg,0
.\Auxiliary\DataSet\34\34_01_02.jpg,34
.\Auxiliary\DataSet\18\18_01_02.jpg,18
.\Auxiliary\DataSet\26\26_01_01.jpg,26
.\Auxiliary\DataSet\13\13_01_01.jpg,13
.\Auxiliary\DataSet\00\00_04_01.jpg,0
.\Auxiliary\DataSet\00\00_22_00.jpg,0
.\Auxiliary\DataSet\00\00_20_01.jpg,0
.\Auxiliary\DataSet\00\00_25_01.jpg,0
.\Auxiliary\DataSet\10\10_01_01.jpg,10
.\Auxiliary\DataSet\40\40_01_03.jpg,40
.\Auxiliary\DataSet\00\00_39_03.jpg,0
.\Auxiliary\DataSet\39\39_01_03.jpg,39
.\Auxiliary\DataSet\00\00_11_01.jpg,0
.\Auxiliary\DataSet\27\27_01_00.jpg,27
.\Auxiliary\DataSet\00\00_07_00.jpg,0
.\Auxiliary\DataSet\00\00_25_02.jpg,0
.\Auxiliary\DataSet\00\00_31_04.jpg,0
.\Auxiliary\DataSet\00\00_24_01.jpg,0
.\Auxiliary\DataSet\00\00_19_03.jpg,0
.\Auxiliary\DataSet\30\30_01_03.jpg,30
.\Auxiliary\DataSet\03\03_01_04.jpg,3
.\Auxiliary\DataSet\12\12_01_00.jpg,12
.\Auxiliary\DataSet\00\00_08_03.jpg,0
.\Auxiliary\DataSet\00\00_10_01.jpg,0
.\Auxiliary\DataSet\00\00_34_04.jpg,0
.\Auxiliary\DataSet\00\00_32_01.jpg,0
.\Auxiliary\DataSet\00\00_08_01.jpg,0
.\Auxiliary\DataSet\09\09_01_04.jpg,9
.\Auxiliary\DataSet\11\11_01_01.jpg,11
.\Auxiliary\DataSet\27\27_01_03.jpg,27
.\Auxiliary\DataSet\24\24_01_00.jpg,24
.\Auxiliary\DataSet\00\00_23_02.jpg,0
.\Auxiliary\DataSet\00\00_15_02.jpg,0
.\Auxiliary\DataSet\16\16_01_02.jpg,16
.\Auxiliary\DataSet\00\00_23_03.jpg,0
.\Auxiliary\DataSet\00\00_38_01.jpg,0
.\Auxiliary\DataSet\37\37_01_03.jpg,37
.\Auxiliary\DataSet\35\35_01_04.jpg,35
.\Auxiliary\DataSet\36\36_01_02.jpg,36
.\Auxiliary\DataSet\29\29_01_00.jpg,29
.\Auxiliary\DataSet\00\00_37_04.jpg,0
.\Auxiliary\DataSet\00\00_05_00.jpg,0
.\Auxiliary\DataSet\00\00_31_02.jpg,0
.\Auxiliary\DataSet\00\00_05_04.jpg,0
.\Auxiliary\DataSet\35\35_01_00.jpg,35
.\Auxiliary\DataSet\09\09_01_01.jpg,9
.\Auxiliary\DataSet\13\13_01_02.jpg,13
.\Auxiliary\DataSet\00\00_35_02.jpg,0
.\Auxiliary\DataSet\13\13_01_03.jpg,13
.\Auxiliary\DataSet\00\00_09_04.jpg,0
.\Auxiliary\DataSet\00\00_37_02.jpg,0
.\Auxiliary\DataSet\00\00_18_00.jpg,0
.\Auxiliary\DataSet\08\08_01_01.jpg,8
.\Auxiliary\DataSet\00\00_35_01.jpg,0
.\Auxiliary\DataSet\10\10_01_04.jpg,10
.\Auxiliary\DataSet\04\04_01_04.jpg,4
.\Auxiliary\DataSet\21\21_01_01.jpg,21
.\Auxiliary\DataSet\00\00_28_00.jpg,0
.\Auxiliary\DataSet\00\00_23_00.jpg,0
.\Auxiliary\DataSet\00\00_31_00.jpg,0
.\Auxiliary\DataSet\00\00_24_03.jpg,0
.\Auxiliary\DataSet\07\07_01_04.jpg,7
.\Auxiliary\DataSet\00\00_18_01.jpg,0
.\Auxiliary\DataSet\00\00_16_03.jpg,0
.\Auxiliary\DataSet\07\07_01_01.jpg,7
.\Auxiliary\DataSet\00\00_36_03.jpg,0
.\Auxiliary\DataSet\05\05_01_04.jpg,5
.\Auxiliary\DataSet\00\00_12_01.jpg,0
.\Auxiliary\DataSet\00\00_21_03.jpg,0
.\Auxiliary\DataSet\30\30_01_02.jpg,30
.\Auxiliary\DataSet\00\00_25_03.jpg,0
.\Auxiliary\DataSet\00\00_33_04.jpg,0
.\Auxiliary\DataSet\00\00_02_00.jpg,0
.\Auxiliary\DataSet\00\00_03_02.jpg,0
.\Auxiliary\DataSet\05\05_01_00.jpg,5
.\Auxiliary\DataSet\22\22_01_04.jpg,22
.\Auxiliary\DataSet\00\00_21_04.jpg,0
.\Auxiliary\DataSet\40\40_01_04.jpg,40
.\Auxiliary\DataSet\00\00_23_04.jpg,0
.\Auxiliary\DataSet\00\00_31_03.jpg,0
.\Auxiliary\DataSet\34\34_01_01.jpg,34
.\Auxiliary\DataSet\00\00_16_01.jpg,0
.\Auxiliary\DataSet\00\00_04_03.jpg,0
.\Auxiliary\DataSet\32\32_01_04.jpg,32
.\Auxiliary\DataSet\00\00_13_00.jpg,0
.\Auxiliary\DataSet\00\00_37_01.jpg,0
.\Auxiliary\DataSet\00\00_38_04.jpg,0
.\Auxiliary\DataSet\18\18_01_00.jpg,18
.\Auxiliary\DataSet\14\14_01_00.jpg,14
.\Auxiliary\DataSet\38\38_01_04.jpg,38
.\Auxiliary\DataSet\00\00_36_04.jpg,0
.\Auxiliary\DataSet\25\25_01_01.jpg,25
.\Auxiliary\DataSet\00\00_29_02.jpg,0
.\Auxiliary\DataSet\39\39_01_01.jpg,39
.\Auxiliary\DataSet\00\00_34_02.jpg,0
.\Auxiliary\DataSet\00\00_06_00.jpg,0
.\Auxiliary\DataSet\02\02_01_02.jpg,2
.\Auxiliary\DataSet\39\39_01_02.jpg,39
.\Auxiliary\DataSet\00\00_19_02.jpg,0
.\Auxiliary\DataSet\00\00_03_04.jpg,0
.\Auxiliary\DataSet\00\00_40_03.jpg,0
.\Auxiliary\DataSet\02\02_01_00.jpg,2
.\Auxiliary\DataSet\00\00_35_04.jpg,0
.\Auxiliary\DataSet\00\00_03_01.jpg,0
.\Auxiliary\DataSet\07\07_01_00.jpg,7
.\Auxiliary\DataSet\00\00_08_04.jpg,0
.\Auxiliary\DataSet\10\10_01_00.jpg,10
.\Auxiliary\DataSet\00\00_30_02.jpg,0
.\Auxiliary\DataSet\00\00_32_02.jpg,0
.\Auxiliary\DataSet\30\30_01_01.jpg,30
.\Auxiliary\DataSet\15\15_01_00.jpg,15
.\Auxiliary\DataSet\00\00_38_02.jpg,0
.\Auxiliary\DataSet\29\29_01_04.jpg,29
.\Auxiliary\DataSet\18\18_01_04.jpg,18
.\Auxiliary\DataSet\16\16_01_04.jpg,16
.\Auxiliary\DataSet\00\00_01_01.jpg,0
.\Auxiliary\DataSet\11\11_01_00.jpg,11
.\Auxiliary\DataSet\19\19_01_00.jpg,19
.\Auxiliary\DataSet\02\02_01_04.jpg,2
.\Auxiliary\DataSet\15\15_01_03.jpg,15
.\Auxiliary\DataSet\00\00_01_00.jpg,0
.\Auxiliary\DataSet\00\00_12_04.jpg,0
.\Auxiliary\DataSet\00\00_26_01.jpg,0
.\Auxiliary\DataSet\00\00_03_03.jpg,0
.\Auxiliary\DataSet\22\22_01_00.jpg,22
.\Auxiliary\DataSet\09\09_01_00.jpg,9
.\Auxiliary\DataSet\00\00_18_03.jpg,0
.\Auxiliary\DataSet\20\20_01_03.jpg,20
.\Auxiliary\DataSet\00\00_17_01.jpg,0
.\Auxiliary\DataSet\14\14_01_03.jpg,14
.\Auxiliary\DataSet\30\30_01_00.jpg,30
.\Auxiliary\DataSet\00\00_12_02.jpg,0
.\Auxiliary\DataSet\00\00_13_04.jpg,0
.\Auxiliary\DataSet\00\00_38_03.jpg,0
.\Auxiliary\DataSet\00\00_11_04.jpg,0
.\Auxiliary\DataSet\32\32_01_03.jpg,32
.\Auxiliary\DataSet\00\00_15_01.jpg,0
.\Auxiliary\DataSet\01\01_01_04.jpg,1
.\Auxiliary\DataSet\00\00_34_01.jpg,0
.\Auxiliary\DataSet\00\00_37_03.jpg,0
.\Auxiliary\DataSet\34\34_01_00.jpg,34
.\Auxiliary\DataSet\00\00_05_01.jpg,0
.\Auxiliary\DataSet\00\00_33_03.jpg,0
.\Auxiliary\DataSet\00\00_40_02.jpg,0
.\Auxiliary\DataSet\00\00_27_03.jpg,0
.\Auxiliary\DataSet\07\07_01_03.jpg,7
.\Auxiliary\DataSet\33\33_01_01.jpg,33
.\Auxiliary\DataSet\00\00_30_03.jpg,0
.\Auxiliary\DataSet\00\00_01_03.jpg,0
.\Auxiliary\DataSet\00\00_12_00.jpg,0
.\Auxiliary\DataSet\13\13_01_00.jpg,13
.\Auxiliary\DataSet\03\03_01_02.jpg,3
.\Auxiliary\DataSet\19\19_01_04.jpg,19
.\Auxiliary\DataSet\00\00_14_01.jpg,0
.\Auxiliary\DataSet\01\01_01_00.jpg,1
.\Auxiliary\DataSet\00\00_24_04.jpg,0
.\Auxiliary\DataSet\00\00_00_03.jpg,0
.\Auxiliary\DataSet\31\31_01_00.jpg,31
.\Auxiliary\DataSet\00\00_39_02.jpg,0
.\Auxiliary\DataSet\03\03_01_03.jpg,3
.\Auxiliary\DataSet\00\00_08_02.jpg,0
.\Auxiliary\DataSet\00\00_38_00.jpg,0
.\Auxiliary\DataSet\15\15_01_02.jpg,15
.\Auxiliary\DataSet\32\32_01_02.jpg,32
.\Auxiliary\DataSet\00\00_15_03.jpg,0
.\Auxiliary\DataSet\00\00_02_03.jpg,0
.\Auxiliary\DataSet\23\23_01_00.jpg,23
.\Auxiliary\DataSet\13\13_01_04.jpg,13
.\Auxiliary\DataSet\36\36_01_03.jpg,36
.\Auxiliary\DataSet\00\00_13_01.jpg,0
.\Auxiliary\DataSet\40\40_01_01.jpg,40
.\Auxiliary\DataSet\00\00_25_00.jpg,0
.\Auxiliary\DataSet\36\36_01_04.jpg,36
.\Auxiliary\DataSet\29\29_01_02.jpg,29
.\Auxiliary\DataSet\00\00_35_00.jpg,0
.\Auxiliary\DataSet\31\31_01_04.jpg,31
.\Auxiliary\DataSet\05\05_01_03.jpg,5
.\Auxiliary\DataSet\32\32_01_00.jpg,32
.\Auxiliary\DataSet\00\00_39_00.jpg,0
.\Auxiliary\DataSet\14\14_01_04.jpg,14
.\Auxiliary\DataSet\33\33_01_04.jpg,33
.\Auxiliary\DataSet\12\12_01_01.jpg,12
.\Auxiliary\DataSet\29\29_01_03.jpg,29
.\Auxiliary\DataSet\00\00_16_04.jpg,0
.\Auxiliary\DataSet\37\37_01_01.jpg,37
.\Auxiliary\DataSet\00\00_29_00.jpg,0
.\Auxiliary\DataSet\31\31_01_02.jpg,31
.\Auxiliary\DataSet\35\35_01_03.jpg,35
.\Auxiliary\DataSet\11\11_01_03.jpg,11
.\Auxiliary\DataSet\00\00_28_02.jpg,0
.\Auxiliary\DataSet\00\00_32_00.jpg,0
.\Auxiliary\DataSet\33\33_01_02.jpg,33
.\Auxiliary\DataSet\00\00_09_01.jpg,0
.\Auxiliary\DataSet\28\28_01_03.jpg,28
.\Auxiliary\DataSet\00\00_24_02.jpg,0
.\Auxiliary\DataSet\04\04_01_01.jpg,4
.\Auxiliary\DataSet\00\00_01_02.jpg,0
.\Auxiliary\DataSet\06\06_01_04.jpg,6
.\Auxiliary\DataSet\38\38_01_01.jpg,38
.\Auxiliary\DataSet\04\04_01_03.jpg,4
.\Auxiliary\DataSet\26\26_01_04.jpg,26
.\Auxiliary\DataSet\19\19_01_01.jpg,19
.\Auxiliary\DataSet\00\00_02_04.jpg,0
.\Auxiliary\DataSet\26\26_01_02.jpg,26
.\Auxiliary\DataSet\34\34_01_04.jpg,34
.\Auxiliary\DataSet\04\04_01_02.jpg,4
.\Auxiliary\DataSet\00\00_10_03.jpg,0
.\Auxiliary\DataSet\00\00_24_00.jpg,0
.\Auxiliary\DataSet\41\41_01_00.jpg,41
.\Auxiliary\DataSet\00\00_15_04.jpg,0
.\Auxiliary\DataSet\06\06_01_00.jpg,6
.\Auxiliary\DataSet\00\00_17_03.jpg,0
.\Auxiliary\DataSet\07\07_01_02.jpg,7
.\Auxiliary\DataSet\00\00_28_04.jpg,0
.\Auxiliary\DataSet\31\31_01_03.jpg,31
.\Auxiliary\DataSet\00\00_26_04.jpg,0
.\Auxiliary\DataSet\23\23_01_03.jpg,23
.\Auxiliary\DataSet\00\00_26_02.jpg,0
.\Auxiliary\DataSet\25\25_01_03.jpg,25
.\Auxiliary\DataSet\00\00_00_00.jpg,0
.\Auxiliary\DataSet\00\00_06_04.jpg,0
.\Auxiliary\DataSet\00\00_33_01.jpg,0
.\Auxiliary\DataSet\24\24_01_01.jpg,24
.\Auxiliary\DataSet\37\37_01_02.jpg,37
.\Auxiliary\DataSet\08\08_01_03.jpg,8
.\Auxiliary\DataSet\00\00_27_01.jpg,0
.\Auxiliary\DataSet\28\28_01_04.jpg,28
.\Auxiliary\DataSet\00\00_09_03.jpg,0
.\Auxiliary\DataSet\36\36_01_01.jpg,36
.\Auxiliary\DataSet\21\21_01_03.jpg,21
.\Auxiliary\DataSet\28\28_01_02.jpg,28
.\Auxiliary\DataSet\16\16_01_03.jpg,16
.\Auxiliary\DataSet\09\09_01_02.jpg,9
.\Auxiliary\DataSet\00\00_29_01.jpg,0
.\Auxiliary\DataSet\00\00_21_00.jpg,0
.\Auxiliary\DataSet\00\00_27_00.jpg,0
.\Auxiliary\DataSet\00\00_06_01.jpg,0
.\Auxiliary\DataSet\00\00_29_04.jpg,0
.\Auxiliary\DataSet\31\31_01_01.jpg,31
.\Auxiliary\DataSet\00\00_36_01.jpg,0
.\Auxiliary\DataSet\20\20_01_00.jpg,20
.\Auxiliary\DataSet\00\00_26_00.jpg,0
.\Auxiliary\DataSet\21\21_01_00.jpg,21
.\Auxiliary\DataSet\27\27_01_02.jpg,27
.\Auxiliary\DataSet\00\00_19_04.jpg,0
.\Auxiliary\DataSet\00\00_02_01.jpg,0
.\Auxiliary\DataSet\00\00_22_03.jpg,0
.\Auxiliary\DataSet\01\01_01_01.jpg,1
.\Auxiliary\DataSet\09\09_01_03.jpg,9
.\Auxiliary\DataSet\00\00_40_00.jpg,0
.\Auxiliary\DataSet\00\00_13_03.jpg,0
.\Auxiliary\DataSet\15\15_01_01.jpg,15
.\Auxiliary\DataSet\25\25_01_04.jpg,25
.\Auxiliary\DataSet\00\00_19_00.jpg,0
.\Auxiliary\DataSet\00\00_35_03.jpg,0
.\Auxiliary\DataSet\00\00_14_03.jpg,0
.\Auxiliary\DataSet\08\08_01_00.jpg,8
.\Auxiliary\DataSet\23\23_01_04.jpg,23
.\Auxiliary\DataSet\33\33_01_03.jpg,33
.\Auxiliary\DataSet\08\08_01_04.jpg,8
.\Auxiliary\DataSet\30\30_01_04.jpg,30
.\Auxiliary\DataSet\00\00_22_02.jpg,0
.\Auxiliary\DataSet\35\35_01_01.jpg,35
.\Auxiliary\DataSet\40\40_01_02.jpg,40
.\Auxiliary\DataSet\00\00_07_02.jpg,0
.\Auxiliary\DataSet\00\00_00_04.jpg,0
.\Auxiliary\DataSet\00\00_20_04.jpg,0
.\Auxiliary\DataSet\00\00_01_04.jpg,0
.\Auxiliary\DataSet\06\06_01_01.jpg,6
.\Auxiliary\DataSet\04\04_01_00.jpg,4
.\Auxiliary\DataSet\00\00_17_00.jpg,0
.\Auxiliary\DataSet\23\23_01_02.jpg,23
.\Auxiliary\DataSet\12\12_01_04.jpg,12
.\Auxiliary\DataSet\00\00_32_04.jpg,0
.\Auxiliary\DataSet\00\00_39_01.jpg,0
.\Auxiliary\DataSet\33\33_01_00.jpg,33
.\Auxiliary\DataSet\00\00_25_04.jpg,0
.\Auxiliary\DataSet\32\32_01_01.jpg,32
.\Auxiliary\DataSet\00\00_28_01.jpg,0
.\Auxiliary\DataSet\38\38_01_03.jpg,38
.\Auxiliary\DataSet\37\37_01_00.jpg,37
.\Auxiliary\DataSet\22\22_01_03.jpg,22
.\Auxiliary\DataSet\00\00_03_00.jpg,0
.\Auxiliary\DataSet\17\17_01_01.jpg,17
.\Auxiliary\DataSet\15\15_01_04.jpg,15
.\Auxiliary\DataSet\00\00_18_04.jpg,0
.\Auxiliary\DataSet\00\00_05_02.jpg,0
.\Auxiliary\DataSet\00\00_14_04.jpg,0
.\Auxiliary\DataSet\06\06_01_02.jpg,6
.\Auxiliary\DataSet\41\41_01_04.jpg,41
.\Auxiliary\DataSet\26\26_01_00.jpg,26
.\Auxiliary\DataSet\00\00_06_02.jpg,0
.\Auxiliary\DataSet\24\24_01_02.jpg,24
.\Auxiliary\DataSet\00\00_05_03.jpg,0
.\Auxiliary\DataSet\19\19_01_02.jpg,19
.\Auxiliary\DataSet\18\18_01_01.jpg,18
.\Auxiliary\DataSet\35\35_01_02.jpg,35
.\Auxiliary\DataSet\00\00_28_03.jpg,0
.\Auxiliary\DataSet\28\28_01_00.jpg,28
.\Auxiliary\DataSet\39\39_01_00.jpg,39
.\Auxiliary\DataSet\34\34_01_03.jpg,34
.\Auxiliary\DataSet\00\00_06_03.jpg,0
.\Auxiliary\DataSet\00\00_16_00.jpg,0
.\Auxiliary\DataSet\00\00_04_02.jpg,0
.\Auxiliary\DataSet\00\00_09_00.jpg,0
.\Auxiliary\DataSet\20\20_01_02.jpg,20
.\Auxiliary\DataSet\11\11_01_04.jpg,11
.\Auxiliary\DataSet\00\00_13_02.jpg,0
.\Auxiliary\DataSet\00\00_27_02.jpg,0
.\Auxiliary\DataSet\00\00_16_02.jpg,0
.\Auxiliary\DataSet\00\00_11_03.jpg,0
.\Auxiliary\DataSet\00\00_33_00.jpg,0
.\Auxiliary\DataSet\39\39_01_04.jpg,39
.\Auxiliary\DataSet\00\00_30_01.jpg,0
.\Auxiliary\DataSet\02\02_01_01.jpg,2
.\Auxiliary\DataSet\00\00_40_01.jpg,0
.\Auxiliary\DataSet\18\18_01_03.jpg,18
.\Auxiliary\DataSet\38\38_01_02.jpg,38
.\Auxiliary\DataSet\00\00_14_00.jpg,0
.\Auxiliary\DataSet\00\00_37_00.jpg,0
.\Auxiliary\DataSet\00\00_07_04.jpg,0
.\Auxiliary\DataSet\00\00_11_02.jpg,0
.\Auxiliary\DataSet\23\23_01_01.jpg,23
.\Auxiliary\DataSet\14\14_01_01.jpg,14
.\Auxiliary\DataSet\17\17_01_03.jpg,17
.\Auxiliary\DataSet\16\16_01_00.jpg,16
.\Auxiliary\DataSet\21\21_01_02.jpg,21
.\Auxiliary\DataSet\00\00_10_04.jpg,0
.\Auxiliary\DataSet\29\29_01_01.jpg,29
.\Auxiliary\DataSet\10\10_01_02.jpg,10
.\Auxiliary\DataSet\40\40_01_00.jpg,40
.\Auxiliary\DataSet\41\41_01_01.jpg,41
.\Auxiliary\DataSet\00\00_36_02.jpg,0
.\Auxiliary\DataSet\10\10_01_03.jpg,10
.\Auxiliary\DataSet\27\27_01_01.jpg,27
.\Auxiliary\DataSet\00\00_21_02.jpg,0
.\Auxiliary\DataSet\41\41_01_03.jpg,41
.\Auxiliary\DataSet\28\28_01_01.jpg,28
.\Auxiliary\DataSet\16\16_01_01.jpg,16
.\Auxiliary\DataSet\00\00_08_00.jpg,0
.\Auxiliary\DataSet\17\17_01_04.jpg,17
.\Auxiliary\DataSet\05\05_01_01.jpg,5
.\Auxiliary\DataSet\00\00_31_01.jpg,0
.\Auxiliary\DataSet\00\00_20_03.jpg,0
.\Auxiliary\DataSet\00\00_22_01.jpg,0
.\Auxiliary\DataSet\20\20_01_01.jpg,20
.\Auxiliary\DataSet\17\17_01_02.jpg,17
.\Auxiliary\DataSet\00\00_07_01.jpg,0
.\Auxiliary\DataSet\00\00_33_02.jpg,0
.\Auxiliary\DataSet\00\00_17_04.jpg,0
.\Auxiliary\DataSet\36\36_01_00.jpg,36
.\Auxiliary\DataSet\03\03_01_00.jpg,3
.\Auxiliary\DataSet\00\00_15_00.jpg,0
.\Auxiliary\DataSet\00\00_30_04.jpg,0
.\Auxiliary\DataSet\14\14_01_02.jpg,14
.\Auxiliary\DataSet\00\00_20_00.jpg,0
.\Auxiliary\DataSet\11\11_01_02.jpg,11
.\Auxiliary\DataSet\12\12_01_03.jpg,12
.\Auxiliary\DataSet\00\00_27_04.jpg,0
.\Auxiliary\DataSet\17\17_01_00.jpg,17
.\Auxiliary\DataSet\08\08_01_02.jpg,8
.\Auxiliary\DataSet\00\00_19_01.jpg,0
.\Auxiliary\DataSet\00\00_22_04.jpg,0
.\Auxiliary\DataSet\03\03_01_01.jpg,3
.\Auxiliary\DataSet\24\24_01_04.jpg,24
.\Auxiliary\DataSet\06\06_01_03.jpg,6
.\Auxiliary\DataSet\19\19_01_03.jpg,19
.\Auxiliary\DataSet\00\00_07_03.jpg,0
.\Auxiliary\DataSet\00\00_11_00.jpg,0
.\Auxiliary\DataSet\00\00_36_00.jpg,0
.\Auxiliary\DataSet\00\00_20_02.jpg,0
.\Auxiliary\DataSet\00\00_21_01.jpg,0
.\Auxiliary\DataSet\00\00_39_04.jpg,0
.\Auxiliary\DataSet\00\00_04_04.jpg,0
.\Auxiliary\DataSet\22\22_01_02.jpg,22
.\Auxiliary\DataSet\00\00_00_01.jpg,0
.\Auxiliary\DataSet\00\00_04_00.jpg,0
.\Auxiliary\DataSet\00\00_34_03.jpg,0
